filepath,split,class,type,orig_id,seg_index,sr
train\ClassA\dredger\train_ClassA_dredger_id80_seg000.wav,train,ClassA,dredger,80,0,16000
train\ClassA\dredger\train_ClassA_dredger_id80_seg001.wav,train,ClassA,dredger,80,1,16000
train\ClassA\dredger\train_ClassA_dredger_id80_seg002.wav,train,ClassA,dredger,80,2,16000
train\ClassA\dredger\train_ClassA_dredger_id93_seg003.wav,train,ClassA,dredger,93,3,16000
train\ClassA\dredger\train_ClassA_dredger_id94_seg004.wav,train,ClassA,dredger,94,4,16000
train\ClassA\dredger\train_ClassA_dredger_id94_seg005.wav,train,ClassA,dredger,94,5,16000
train\ClassA\dredger\train_ClassA_dredger_id96_seg006.wav,train,ClassA,dredger,96,6,16000
train\ClassA\dredger\train_ClassA_dredger_id96_seg007.wav,train,ClassA,dredger,96,7,16000
train\ClassA\dredger\train_ClassA_dredger_id96_seg008.wav,train,ClassA,dredger,96,8,16000
train\ClassA\fishing\train_ClassA_fishing_id73_seg000.wav,train,ClassA,fishing,73,0,16000
train\ClassA\fishing\train_ClassA_fishing_id73_seg001.wav,train,ClassA,fishing,73,1,16000
train\ClassA\fishing\train_ClassA_fishing_id73_seg002.wav,train,ClassA,fishing,73,2,16000
train\ClassA\fishing\train_ClassA_fishing_id73_seg003.wav,train,ClassA,fishing,73,3,16000
train\ClassA\fishing\train_ClassA_fishing_id73_seg004.wav,train,ClassA,fishing,73,4,16000
train\ClassA\fishing\train_ClassA_fishing_id73_seg005.wav,train,ClassA,fishing,73,5,16000
train\ClassA\fishing\train_ClassA_fishing_id73_seg006.wav,train,ClassA,fishing,73,6,16000
train\ClassA\fishing\train_ClassA_fishing_id73_seg007.wav,train,ClassA,fishing,73,7,16000
train\ClassA\fishing\train_ClassA_fishing_id74_seg008.wav,train,ClassA,fishing,74,8,16000
train\ClassA\fishing\train_ClassA_fishing_id74_seg009.wav,train,ClassA,fishing,74,9,16000
train\ClassA\fishing\train_ClassA_fishing_id74_seg010.wav,train,ClassA,fishing,74,10,16000
train\ClassA\fishing\train_ClassA_fishing_id74_seg011.wav,train,ClassA,fishing,74,11,16000
train\ClassA\fishing\train_ClassA_fishing_id74_seg012.wav,train,ClassA,fishing,74,12,16000
train\ClassA\fishing\train_ClassA_fishing_id74_seg013.wav,train,ClassA,fishing,74,13,16000
train\ClassA\fishing\train_ClassA_fishing_id74_seg014.wav,train,ClassA,fishing,74,14,16000
train\ClassA\fishing\train_ClassA_fishing_id74_seg015.wav,train,ClassA,fishing,74,15,16000
train\ClassA\fishing\train_ClassA_fishing_id76_seg016.wav,train,ClassA,fishing,76,16,16000
train\ClassA\fishing\train_ClassA_fishing_id76_seg017.wav,train,ClassA,fishing,76,17,16000
train\ClassA\fishing\train_ClassA_fishing_id76_seg018.wav,train,ClassA,fishing,76,18,16000
train\ClassA\fishing\train_ClassA_fishing_id76_seg019.wav,train,ClassA,fishing,76,19,16000
train\ClassA\fishing\train_ClassA_fishing_id76_seg020.wav,train,ClassA,fishing,76,20,16000
train\ClassA\fishing\train_ClassA_fishing_id76_seg021.wav,train,ClassA,fishing,76,21,16000
train\ClassA\fishing\train_ClassA_fishing_id76_seg022.wav,train,ClassA,fishing,76,22,16000
train\ClassA\fishing\train_ClassA_fishing_id76_seg023.wav,train,ClassA,fishing,76,23,16000
train\ClassA\fishing\train_ClassA_fishing_id76_seg024.wav,train,ClassA,fishing,76,24,16000
train\ClassA\fishing\train_ClassA_fishing_id76_seg025.wav,train,ClassA,fishing,76,25,16000
train\ClassA\mussel_boat\train_ClassA_mussel_boat_id47_seg000.wav,train,ClassA,mussel_boat,47,0,16000
train\ClassA\mussel_boat\train_ClassA_mussel_boat_id47_seg001.wav,train,ClassA,mussel_boat,47,1,16000
train\ClassA\mussel_boat\train_ClassA_mussel_boat_id47_seg002.wav,train,ClassA,mussel_boat,47,2,16000
train\ClassA\mussel_boat\train_ClassA_mussel_boat_id47_seg003.wav,train,ClassA,mussel_boat,47,3,16000
train\ClassA\mussel_boat\train_ClassA_mussel_boat_id47_seg004.wav,train,ClassA,mussel_boat,47,4,16000
train\ClassA\mussel_boat\train_ClassA_mussel_boat_id47_seg005.wav,train,ClassA,mussel_boat,47,5,16000
train\ClassA\mussel_boat\train_ClassA_mussel_boat_id47_seg006.wav,train,ClassA,mussel_boat,47,6,16000
train\ClassA\mussel_boat\train_ClassA_mussel_boat_id47_seg007.wav,train,ClassA,mussel_boat,47,7,16000
train\ClassA\mussel_boat\train_ClassA_mussel_boat_id47_seg008.wav,train,ClassA,mussel_boat,47,8,16000
train\ClassA\mussel_boat\train_ClassA_mussel_boat_id47_seg009.wav,train,ClassA,mussel_boat,47,9,16000
train\ClassA\mussel_boat\train_ClassA_mussel_boat_id47_seg010.wav,train,ClassA,mussel_boat,47,10,16000
train\ClassA\mussel_boat\train_ClassA_mussel_boat_id47_seg011.wav,train,ClassA,mussel_boat,47,11,16000
train\ClassA\mussel_boat\train_ClassA_mussel_boat_id47_seg012.wav,train,ClassA,mussel_boat,47,12,16000
train\ClassA\mussel_boat\train_ClassA_mussel_boat_id47_seg013.wav,train,ClassA,mussel_boat,47,13,16000
train\ClassA\mussel_boat\train_ClassA_mussel_boat_id47_seg014.wav,train,ClassA,mussel_boat,47,14,16000
train\ClassA\mussel_boat\train_ClassA_mussel_boat_id47_seg015.wav,train,ClassA,mussel_boat,47,15,16000
train\ClassA\mussel_boat\train_ClassA_mussel_boat_id47_seg016.wav,train,ClassA,mussel_boat,47,16,16000
train\ClassA\mussel_boat\train_ClassA_mussel_boat_id47_seg017.wav,train,ClassA,mussel_boat,47,17,16000
train\ClassA\mussel_boat\train_ClassA_mussel_boat_id47_seg018.wav,train,ClassA,mussel_boat,47,18,16000
train\ClassA\mussel_boat\train_ClassA_mussel_boat_id49_seg019.wav,train,ClassA,mussel_boat,49,19,16000
train\ClassA\mussel_boat\train_ClassA_mussel_boat_id49_seg020.wav,train,ClassA,mussel_boat,49,20,16000
train\ClassA\mussel_boat\train_ClassA_mussel_boat_id49_seg021.wav,train,ClassA,mussel_boat,49,21,16000
train\ClassA\mussel_boat\train_ClassA_mussel_boat_id49_seg022.wav,train,ClassA,mussel_boat,49,22,16000
train\ClassA\mussel_boat\train_ClassA_mussel_boat_id49_seg023.wav,train,ClassA,mussel_boat,49,23,16000
train\ClassA\mussel_boat\train_ClassA_mussel_boat_id49_seg024.wav,train,ClassA,mussel_boat,49,24,16000
train\ClassA\mussel_boat\train_ClassA_mussel_boat_id49_seg025.wav,train,ClassA,mussel_boat,49,25,16000
train\ClassA\mussel_boat\train_ClassA_mussel_boat_id49_seg026.wav,train,ClassA,mussel_boat,49,26,16000
train\ClassA\mussel_boat\train_ClassA_mussel_boat_id49_seg027.wav,train,ClassA,mussel_boat,49,27,16000
train\ClassA\mussel_boat\train_ClassA_mussel_boat_id49_seg028.wav,train,ClassA,mussel_boat,49,28,16000
train\ClassA\mussel_boat\train_ClassA_mussel_boat_id66_seg029.wav,train,ClassA,mussel_boat,66,29,16000
train\ClassA\mussel_boat\train_ClassA_mussel_boat_id66_seg030.wav,train,ClassA,mussel_boat,66,30,16000
train\ClassA\mussel_boat\train_ClassA_mussel_boat_id66_seg031.wav,train,ClassA,mussel_boat,66,31,16000
train\ClassA\mussel_boat\train_ClassA_mussel_boat_id66_seg032.wav,train,ClassA,mussel_boat,66,32,16000
train\ClassA\mussel_boat\train_ClassA_mussel_boat_id66_seg033.wav,train,ClassA,mussel_boat,66,33,16000
train\ClassA\mussel_boat\train_ClassA_mussel_boat_id66_seg034.wav,train,ClassA,mussel_boat,66,34,16000
train\ClassA\mussel_boat\train_ClassA_mussel_boat_id66_seg035.wav,train,ClassA,mussel_boat,66,35,16000
train\ClassA\mussel_boat\train_ClassA_mussel_boat_id66_seg036.wav,train,ClassA,mussel_boat,66,36,16000
train\ClassA\mussel_boat\train_ClassA_mussel_boat_id66_seg037.wav,train,ClassA,mussel_boat,66,37,16000
train\ClassB\motorboat\train_ClassB_motorboat_id21_seg000.wav,train,ClassB,motorboat,21,0,16000
train\ClassB\motorboat\train_ClassB_motorboat_id33_seg001.wav,train,ClassB,motorboat,33,1,16000
train\ClassB\motorboat\train_ClassB_motorboat_id39_seg002.wav,train,ClassB,motorboat,39,2,16000
train\ClassB\motorboat\train_ClassB_motorboat_id39_seg003.wav,train,ClassB,motorboat,39,3,16000
train\ClassB\motorboat\train_ClassB_motorboat_id39_seg004.wav,train,ClassB,motorboat,39,4,16000
train\ClassB\motorboat\train_ClassB_motorboat_id45_seg005.wav,train,ClassB,motorboat,45,5,16000
train\ClassB\motorboat\train_ClassB_motorboat_id45_seg006.wav,train,ClassB,motorboat,45,6,16000
train\ClassB\motorboat\train_ClassB_motorboat_id45_seg007.wav,train,ClassB,motorboat,45,7,16000
train\ClassB\motorboat\train_ClassB_motorboat_id45_seg008.wav,train,ClassB,motorboat,45,8,16000
train\ClassB\motorboat\train_ClassB_motorboat_id45_seg009.wav,train,ClassB,motorboat,45,9,16000
train\ClassB\motorboat\train_ClassB_motorboat_id51_seg010.wav,train,ClassB,motorboat,51,10,16000
train\ClassB\motorboat\train_ClassB_motorboat_id51_seg011.wav,train,ClassB,motorboat,51,11,16000
train\ClassB\motorboat\train_ClassB_motorboat_id51_seg012.wav,train,ClassB,motorboat,51,12,16000
train\ClassB\motorboat\train_ClassB_motorboat_id51_seg013.wav,train,ClassB,motorboat,51,13,16000
train\ClassB\motorboat\train_ClassB_motorboat_id51_seg014.wav,train,ClassB,motorboat,51,14,16000
train\ClassB\motorboat\train_ClassB_motorboat_id52_seg015.wav,train,ClassB,motorboat,52,15,16000
train\ClassB\motorboat\train_ClassB_motorboat_id52_seg016.wav,train,ClassB,motorboat,52,16,16000
train\ClassB\motorboat\train_ClassB_motorboat_id52_seg017.wav,train,ClassB,motorboat,52,17,16000
train\ClassB\motorboat\train_ClassB_motorboat_id52_seg018.wav,train,ClassB,motorboat,52,18,16000
train\ClassB\motorboat\train_ClassB_motorboat_id52_seg019.wav,train,ClassB,motorboat,52,19,16000
train\ClassB\motorboat\train_ClassB_motorboat_id52_seg020.wav,train,ClassB,motorboat,52,20,16000
train\ClassB\motorboat\train_ClassB_motorboat_id52_seg021.wav,train,ClassB,motorboat,52,21,16000
train\ClassB\motorboat\train_ClassB_motorboat_id70_seg022.wav,train,ClassB,motorboat,70,22,16000
train\ClassB\motorboat\train_ClassB_motorboat_id70_seg023.wav,train,ClassB,motorboat,70,23,16000
train\ClassB\motorboat\train_ClassB_motorboat_id70_seg024.wav,train,ClassB,motorboat,70,24,16000
train\ClassB\motorboat\train_ClassB_motorboat_id70_seg025.wav,train,ClassB,motorboat,70,25,16000
train\ClassB\motorboat\train_ClassB_motorboat_id70_seg026.wav,train,ClassB,motorboat,70,26,16000
train\ClassB\motorboat\train_ClassB_motorboat_id70_seg027.wav,train,ClassB,motorboat,70,27,16000
train\ClassB\motorboat\train_ClassB_motorboat_id77_seg028.wav,train,ClassB,motorboat,77,28,16000
train\ClassB\motorboat\train_ClassB_motorboat_id77_seg029.wav,train,ClassB,motorboat,77,29,16000
train\ClassB\motorboat\train_ClassB_motorboat_id77_seg030.wav,train,ClassB,motorboat,77,30,16000
train\ClassB\motorboat\train_ClassB_motorboat_id77_seg031.wav,train,ClassB,motorboat,77,31,16000
train\ClassB\motorboat\train_ClassB_motorboat_id77_seg032.wav,train,ClassB,motorboat,77,32,16000
train\ClassB\motorboat\train_ClassB_motorboat_id79_seg033.wav,train,ClassB,motorboat,79,33,16000
train\ClassB\motorboat\train_ClassB_motorboat_id79_seg034.wav,train,ClassB,motorboat,79,34,16000
train\ClassB\motorboat\train_ClassB_motorboat_id79_seg035.wav,train,ClassB,motorboat,79,35,16000
train\ClassB\motorboat\train_ClassB_motorboat_id79_seg036.wav,train,ClassB,motorboat,79,36,16000
train\ClassB\motorboat\train_ClassB_motorboat_id79_seg037.wav,train,ClassB,motorboat,79,37,16000
train\ClassB\sailboat\train_ClassB_sailboat_id37_seg000.wav,train,ClassB,sailboat,37,0,16000
train\ClassB\sailboat\train_ClassB_sailboat_id56_seg001.wav,train,ClassB,sailboat,56,1,16000
train\ClassB\sailboat\train_ClassB_sailboat_id56_seg002.wav,train,ClassB,sailboat,56,2,16000
train\ClassB\sailboat\train_ClassB_sailboat_id68_seg003.wav,train,ClassB,sailboat,68,3,16000
train\ClassB\sailboat\train_ClassB_sailboat_id68_seg004.wav,train,ClassB,sailboat,68,4,16000
train\ClassB\sailboat\train_ClassB_sailboat_id68_seg005.wav,train,ClassB,sailboat,68,5,16000
train\ClassB\sailboat\train_ClassB_sailboat_id68_seg006.wav,train,ClassB,sailboat,68,6,16000
train\ClassB\sailboat\train_ClassB_sailboat_id68_seg007.wav,train,ClassB,sailboat,68,7,16000
train\ClassB\sailboat\train_ClassB_sailboat_id68_seg008.wav,train,ClassB,sailboat,68,8,16000
train\ClassB\sailboat\train_ClassB_sailboat_id68_seg009.wav,train,ClassB,sailboat,68,9,16000
train\ClassB\sailboat\train_ClassB_sailboat_id68_seg010.wav,train,ClassB,sailboat,68,10,16000
train\ClassB\sailboat\train_ClassB_sailboat_id68_seg011.wav,train,ClassB,sailboat,68,11,16000
train\ClassB\sailboat\train_ClassB_sailboat_id68_seg012.wav,train,ClassB,sailboat,68,12,16000
train\ClassB\sailboat\train_ClassB_sailboat_id68_seg013.wav,train,ClassB,sailboat,68,13,16000
train\ClassB\sailboat\train_ClassB_sailboat_id68_seg014.wav,train,ClassB,sailboat,68,14,16000
train\ClassB\sailboat\train_ClassB_sailboat_id68_seg015.wav,train,ClassB,sailboat,68,15,16000
train\ClassB\sailboat\train_ClassB_sailboat_id68_seg016.wav,train,ClassB,sailboat,68,16,16000
train\ClassB\sailboat\train_ClassB_sailboat_id68_seg017.wav,train,ClassB,sailboat,68,17,16000
train\ClassB\sailboat\train_ClassB_sailboat_id68_seg018.wav,train,ClassB,sailboat,68,18,16000
train\ClassB\sailboat\train_ClassB_sailboat_id68_seg019.wav,train,ClassB,sailboat,68,19,16000
train\ClassB\sailboat\train_ClassB_sailboat_id68_seg020.wav,train,ClassB,sailboat,68,20,16000
train\ClassC\ferry\train_ClassC_ferry_id6_seg000.wav,train,ClassC,ferry,6,0,16000
train\ClassC\ferry\train_ClassC_ferry_id6_seg001.wav,train,ClassC,ferry,6,1,16000
train\ClassC\ferry\train_ClassC_ferry_id6_seg002.wav,train,ClassC,ferry,6,2,16000
train\ClassC\ferry\train_ClassC_ferry_id6_seg003.wav,train,ClassC,ferry,6,3,16000
train\ClassC\ferry\train_ClassC_ferry_id6_seg004.wav,train,ClassC,ferry,6,4,16000
train\ClassC\ferry\train_ClassC_ferry_id6_seg005.wav,train,ClassC,ferry,6,5,16000
train\ClassC\ferry\train_ClassC_ferry_id6_seg006.wav,train,ClassC,ferry,6,6,16000
train\ClassC\ferry\train_ClassC_ferry_id6_seg007.wav,train,ClassC,ferry,6,7,16000
train\ClassC\ferry\train_ClassC_ferry_id6_seg008.wav,train,ClassC,ferry,6,8,16000
train\ClassC\ferry\train_ClassC_ferry_id6_seg009.wav,train,ClassC,ferry,6,9,16000
train\ClassC\ferry\train_ClassC_ferry_id6_seg010.wav,train,ClassC,ferry,6,10,16000
train\ClassC\ferry\train_ClassC_ferry_id6_seg011.wav,train,ClassC,ferry,6,11,16000
train\ClassC\ferry\train_ClassC_ferry_id6_seg012.wav,train,ClassC,ferry,6,12,16000
train\ClassC\ferry\train_ClassC_ferry_id6_seg013.wav,train,ClassC,ferry,6,13,16000
train\ClassC\ferry\train_ClassC_ferry_id6_seg014.wav,train,ClassC,ferry,6,14,16000
train\ClassC\ferry\train_ClassC_ferry_id6_seg015.wav,train,ClassC,ferry,6,15,16000
train\ClassC\ferry\train_ClassC_ferry_id6_seg016.wav,train,ClassC,ferry,6,16,16000
train\ClassC\ferry\train_ClassC_ferry_id6_seg017.wav,train,ClassC,ferry,6,17,16000
train\ClassC\ferry\train_ClassC_ferry_id6_seg018.wav,train,ClassC,ferry,6,18,16000
train\ClassC\ferry\train_ClassC_ferry_id7_seg019.wav,train,ClassC,ferry,7,19,16000
train\ClassC\ferry\train_ClassC_ferry_id7_seg020.wav,train,ClassC,ferry,7,20,16000
train\ClassC\ferry\train_ClassC_ferry_id7_seg021.wav,train,ClassC,ferry,7,21,16000
train\ClassC\ferry\train_ClassC_ferry_id8_seg022.wav,train,ClassC,ferry,8,22,16000
train\ClassC\ferry\train_ClassC_ferry_id8_seg023.wav,train,ClassC,ferry,8,23,16000
train\ClassC\ferry\train_ClassC_ferry_id8_seg024.wav,train,ClassC,ferry,8,24,16000
train\ClassC\ferry\train_ClassC_ferry_id8_seg025.wav,train,ClassC,ferry,8,25,16000
train\ClassC\ferry\train_ClassC_ferry_id8_seg026.wav,train,ClassC,ferry,8,26,16000
train\ClassC\ferry\train_ClassC_ferry_id10_seg027.wav,train,ClassC,ferry,10,27,16000
train\ClassC\ferry\train_ClassC_ferry_id10_seg028.wav,train,ClassC,ferry,10,28,16000
train\ClassC\ferry\train_ClassC_ferry_id10_seg029.wav,train,ClassC,ferry,10,29,16000
train\ClassC\ferry\train_ClassC_ferry_id10_seg030.wav,train,ClassC,ferry,10,30,16000
train\ClassC\ferry\train_ClassC_ferry_id10_seg031.wav,train,ClassC,ferry,10,31,16000
train\ClassC\ferry\train_ClassC_ferry_id10_seg032.wav,train,ClassC,ferry,10,32,16000
train\ClassC\ferry\train_ClassC_ferry_id10_seg033.wav,train,ClassC,ferry,10,33,16000
train\ClassC\ferry\train_ClassC_ferry_id10_seg034.wav,train,ClassC,ferry,10,34,16000
train\ClassC\ferry\train_ClassC_ferry_id10_seg035.wav,train,ClassC,ferry,10,35,16000
train\ClassC\ferry\train_ClassC_ferry_id11_seg036.wav,train,ClassC,ferry,11,36,16000
train\ClassC\ferry\train_ClassC_ferry_id11_seg037.wav,train,ClassC,ferry,11,37,16000
train\ClassC\ferry\train_ClassC_ferry_id11_seg038.wav,train,ClassC,ferry,11,38,16000
train\ClassC\ferry\train_ClassC_ferry_id11_seg039.wav,train,ClassC,ferry,11,39,16000
train\ClassC\ferry\train_ClassC_ferry_id12_seg040.wav,train,ClassC,ferry,12,40,16000
train\ClassC\ferry\train_ClassC_ferry_id12_seg041.wav,train,ClassC,ferry,12,41,16000
train\ClassC\ferry\train_ClassC_ferry_id12_seg042.wav,train,ClassC,ferry,12,42,16000
train\ClassC\ferry\train_ClassC_ferry_id12_seg043.wav,train,ClassC,ferry,12,43,16000
train\ClassC\ferry\train_ClassC_ferry_id12_seg044.wav,train,ClassC,ferry,12,44,16000
train\ClassC\ferry\train_ClassC_ferry_id12_seg045.wav,train,ClassC,ferry,12,45,16000
train\ClassC\ferry\train_ClassC_ferry_id12_seg046.wav,train,ClassC,ferry,12,46,16000
train\ClassC\ferry\train_ClassC_ferry_id14_seg047.wav,train,ClassC,ferry,14,47,16000
train\ClassC\ferry\train_ClassC_ferry_id14_seg048.wav,train,ClassC,ferry,14,48,16000
train\ClassC\ferry\train_ClassC_ferry_id14_seg049.wav,train,ClassC,ferry,14,49,16000
train\ClassC\ferry\train_ClassC_ferry_id17_seg050.wav,train,ClassC,ferry,17,50,16000
train\ClassC\ferry\train_ClassC_ferry_id17_seg051.wav,train,ClassC,ferry,17,51,16000
train\ClassC\ferry\train_ClassC_ferry_id17_seg052.wav,train,ClassC,ferry,17,52,16000
train\ClassC\ferry\train_ClassC_ferry_id17_seg053.wav,train,ClassC,ferry,17,53,16000
train\ClassC\ferry\train_ClassC_ferry_id32_seg054.wav,train,ClassC,ferry,32,54,16000
train\ClassC\ferry\train_ClassC_ferry_id32_seg055.wav,train,ClassC,ferry,32,55,16000
train\ClassC\ferry\train_ClassC_ferry_id32_seg056.wav,train,ClassC,ferry,32,56,16000
train\ClassC\ferry\train_ClassC_ferry_id32_seg057.wav,train,ClassC,ferry,32,57,16000
train\ClassC\ferry\train_ClassC_ferry_id32_seg058.wav,train,ClassC,ferry,32,58,16000
train\ClassC\ferry\train_ClassC_ferry_id32_seg059.wav,train,ClassC,ferry,32,59,16000
train\ClassC\ferry\train_ClassC_ferry_id32_seg060.wav,train,ClassC,ferry,32,60,16000
train\ClassC\ferry\train_ClassC_ferry_id32_seg061.wav,train,ClassC,ferry,32,61,16000
train\ClassC\ferry\train_ClassC_ferry_id32_seg062.wav,train,ClassC,ferry,32,62,16000
train\ClassC\ferry\train_ClassC_ferry_id32_seg063.wav,train,ClassC,ferry,32,63,16000
train\ClassC\ferry\train_ClassC_ferry_id32_seg064.wav,train,ClassC,ferry,32,64,16000
train\ClassC\ferry\train_ClassC_ferry_id32_seg065.wav,train,ClassC,ferry,32,65,16000
train\ClassC\ferry\train_ClassC_ferry_id32_seg066.wav,train,ClassC,ferry,32,66,16000
train\ClassC\ferry\train_ClassC_ferry_id34_seg067.wav,train,ClassC,ferry,34,67,16000
train\ClassC\ferry\train_ClassC_ferry_id34_seg068.wav,train,ClassC,ferry,34,68,16000
train\ClassC\ferry\train_ClassC_ferry_id34_seg069.wav,train,ClassC,ferry,34,69,16000
train\ClassC\ferry\train_ClassC_ferry_id34_seg070.wav,train,ClassC,ferry,34,70,16000
train\ClassC\ferry\train_ClassC_ferry_id34_seg071.wav,train,ClassC,ferry,34,71,16000
train\ClassC\ferry\train_ClassC_ferry_id34_seg072.wav,train,ClassC,ferry,34,72,16000
train\ClassC\ferry\train_ClassC_ferry_id34_seg073.wav,train,ClassC,ferry,34,73,16000
train\ClassC\ferry\train_ClassC_ferry_id36_seg074.wav,train,ClassC,ferry,36,74,16000
train\ClassC\ferry\train_ClassC_ferry_id36_seg075.wav,train,ClassC,ferry,36,75,16000
train\ClassC\ferry\train_ClassC_ferry_id36_seg076.wav,train,ClassC,ferry,36,76,16000
train\ClassC\ferry\train_ClassC_ferry_id36_seg077.wav,train,ClassC,ferry,36,77,16000
train\ClassC\ferry\train_ClassC_ferry_id36_seg078.wav,train,ClassC,ferry,36,78,16000
train\ClassC\ferry\train_ClassC_ferry_id38_seg079.wav,train,ClassC,ferry,38,79,16000
train\ClassC\ferry\train_ClassC_ferry_id38_seg080.wav,train,ClassC,ferry,38,80,16000
train\ClassC\ferry\train_ClassC_ferry_id38_seg081.wav,train,ClassC,ferry,38,81,16000
train\ClassC\ferry\train_ClassC_ferry_id38_seg082.wav,train,ClassC,ferry,38,82,16000
train\ClassC\ferry\train_ClassC_ferry_id38_seg083.wav,train,ClassC,ferry,38,83,16000
train\ClassC\ferry\train_ClassC_ferry_id38_seg084.wav,train,ClassC,ferry,38,84,16000
train\ClassC\ferry\train_ClassC_ferry_id40_seg085.wav,train,ClassC,ferry,40,85,16000
train\ClassC\ferry\train_ClassC_ferry_id41_seg086.wav,train,ClassC,ferry,41,86,16000
train\ClassC\ferry\train_ClassC_ferry_id41_seg087.wav,train,ClassC,ferry,41,87,16000
train\ClassC\ferry\train_ClassC_ferry_id43_seg088.wav,train,ClassC,ferry,43,88,16000
train\ClassC\ferry\train_ClassC_ferry_id43_seg089.wav,train,ClassC,ferry,43,89,16000
train\ClassC\ferry\train_ClassC_ferry_id53_seg090.wav,train,ClassC,ferry,53,90,16000
train\ClassC\ferry\train_ClassC_ferry_id53_seg091.wav,train,ClassC,ferry,53,91,16000
train\ClassC\ferry\train_ClassC_ferry_id53_seg092.wav,train,ClassC,ferry,53,92,16000
train\ClassC\ferry\train_ClassC_ferry_id53_seg093.wav,train,ClassC,ferry,53,93,16000
train\ClassC\ferry\train_ClassC_ferry_id53_seg094.wav,train,ClassC,ferry,53,94,16000
train\ClassC\ferry\train_ClassC_ferry_id53_seg095.wav,train,ClassC,ferry,53,95,16000
train\ClassC\ferry\train_ClassC_ferry_id53_seg096.wav,train,ClassC,ferry,53,96,16000
train\ClassC\ferry\train_ClassC_ferry_id53_seg097.wav,train,ClassC,ferry,53,97,16000
train\ClassC\ferry\train_ClassC_ferry_id53_seg098.wav,train,ClassC,ferry,53,98,16000
train\ClassC\ferry\train_ClassC_ferry_id54_seg099.wav,train,ClassC,ferry,54,99,16000
train\ClassC\ferry\train_ClassC_ferry_id54_seg100.wav,train,ClassC,ferry,54,100,16000
train\ClassC\ferry\train_ClassC_ferry_id54_seg101.wav,train,ClassC,ferry,54,101,16000
train\ClassC\ferry\train_ClassC_ferry_id59_seg102.wav,train,ClassC,ferry,59,102,16000
train\ClassC\ferry\train_ClassC_ferry_id59_seg103.wav,train,ClassC,ferry,59,103,16000
train\ClassC\ferry\train_ClassC_ferry_id59_seg104.wav,train,ClassC,ferry,59,104,16000
train\ClassC\ferry\train_ClassC_ferry_id59_seg105.wav,train,ClassC,ferry,59,105,16000
train\ClassC\ferry\train_ClassC_ferry_id59_seg106.wav,train,ClassC,ferry,59,106,16000
train\ClassC\ferry\train_ClassC_ferry_id59_seg107.wav,train,ClassC,ferry,59,107,16000
train\ClassC\ferry\train_ClassC_ferry_id59_seg108.wav,train,ClassC,ferry,59,108,16000
train\ClassC\ferry\train_ClassC_ferry_id59_seg109.wav,train,ClassC,ferry,59,109,16000
train\ClassC\ferry\train_ClassC_ferry_id59_seg110.wav,train,ClassC,ferry,59,110,16000
train\ClassC\ferry\train_ClassC_ferry_id59_seg111.wav,train,ClassC,ferry,59,111,16000
train\ClassC\ferry\train_ClassC_ferry_id59_seg112.wav,train,ClassC,ferry,59,112,16000
train\ClassC\ferry\train_ClassC_ferry_id59_seg113.wav,train,ClassC,ferry,59,113,16000
train\ClassC\ferry\train_ClassC_ferry_id59_seg114.wav,train,ClassC,ferry,59,114,16000
train\ClassC\ferry\train_ClassC_ferry_id59_seg115.wav,train,ClassC,ferry,59,115,16000
train\ClassC\ferry\train_ClassC_ferry_id59_seg116.wav,train,ClassC,ferry,59,116,16000
train\ClassC\ferry\train_ClassC_ferry_id60_seg117.wav,train,ClassC,ferry,60,117,16000
train\ClassC\ferry\train_ClassC_ferry_id60_seg118.wav,train,ClassC,ferry,60,118,16000
train\ClassC\ferry\train_ClassC_ferry_id60_seg119.wav,train,ClassC,ferry,60,119,16000
train\ClassC\ferry\train_ClassC_ferry_id60_seg120.wav,train,ClassC,ferry,60,120,16000
train\ClassC\ferry\train_ClassC_ferry_id60_seg121.wav,train,ClassC,ferry,60,121,16000
train\ClassC\ferry\train_ClassC_ferry_id60_seg122.wav,train,ClassC,ferry,60,122,16000
train\ClassC\ferry\train_ClassC_ferry_id60_seg123.wav,train,ClassC,ferry,60,123,16000
train\ClassC\ferry\train_ClassC_ferry_id60_seg124.wav,train,ClassC,ferry,60,124,16000
train\ClassC\ferry\train_ClassC_ferry_id60_seg125.wav,train,ClassC,ferry,60,125,16000
train\ClassC\ferry\train_ClassC_ferry_id60_seg126.wav,train,ClassC,ferry,60,126,16000
train\ClassC\ferry\train_ClassC_ferry_id60_seg127.wav,train,ClassC,ferry,60,127,16000
train\ClassC\ferry\train_ClassC_ferry_id60_seg128.wav,train,ClassC,ferry,60,128,16000
train\ClassC\ferry\train_ClassC_ferry_id60_seg129.wav,train,ClassC,ferry,60,129,16000
train\ClassC\ferry\train_ClassC_ferry_id60_seg130.wav,train,ClassC,ferry,60,130,16000
train\ClassC\ferry\train_ClassC_ferry_id60_seg131.wav,train,ClassC,ferry,60,131,16000
train\ClassC\ferry\train_ClassC_ferry_id60_seg132.wav,train,ClassC,ferry,60,132,16000
train\ClassC\ferry\train_ClassC_ferry_id60_seg133.wav,train,ClassC,ferry,60,133,16000
train\ClassC\ferry\train_ClassC_ferry_id60_seg134.wav,train,ClassC,ferry,60,134,16000
train\ClassC\ferry\train_ClassC_ferry_id60_seg135.wav,train,ClassC,ferry,60,135,16000
train\ClassC\ferry\train_ClassC_ferry_id60_seg136.wav,train,ClassC,ferry,60,136,16000
train\ClassC\ferry\train_ClassC_ferry_id60_seg137.wav,train,ClassC,ferry,60,137,16000
train\ClassC\ferry\train_ClassC_ferry_id60_seg138.wav,train,ClassC,ferry,60,138,16000
train\ClassC\ferry\train_ClassC_ferry_id61_seg139.wav,train,ClassC,ferry,61,139,16000
train\ClassC\ferry\train_ClassC_ferry_id61_seg140.wav,train,ClassC,ferry,61,140,16000
train\ClassC\ferry\train_ClassC_ferry_id61_seg141.wav,train,ClassC,ferry,61,141,16000
train\ClassC\ferry\train_ClassC_ferry_id61_seg142.wav,train,ClassC,ferry,61,142,16000
train\ClassC\ferry\train_ClassC_ferry_id61_seg143.wav,train,ClassC,ferry,61,143,16000
train\ClassC\ferry\train_ClassC_ferry_id61_seg144.wav,train,ClassC,ferry,61,144,16000
train\ClassC\ferry\train_ClassC_ferry_id61_seg145.wav,train,ClassC,ferry,61,145,16000
train\ClassC\ferry\train_ClassC_ferry_id61_seg146.wav,train,ClassC,ferry,61,146,16000
train\ClassC\ferry\train_ClassC_ferry_id63_seg147.wav,train,ClassC,ferry,63,147,16000
train\ClassC\ferry\train_ClassC_ferry_id63_seg148.wav,train,ClassC,ferry,63,148,16000
train\ClassC\ferry\train_ClassC_ferry_id63_seg149.wav,train,ClassC,ferry,63,149,16000
train\ClassC\ferry\train_ClassC_ferry_id63_seg150.wav,train,ClassC,ferry,63,150,16000
train\ClassC\ferry\train_ClassC_ferry_id63_seg151.wav,train,ClassC,ferry,63,151,16000
train\ClassC\ferry\train_ClassC_ferry_id63_seg152.wav,train,ClassC,ferry,63,152,16000
train\ClassC\ferry\train_ClassC_ferry_id63_seg153.wav,train,ClassC,ferry,63,153,16000
train\ClassC\ferry\train_ClassC_ferry_id63_seg154.wav,train,ClassC,ferry,63,154,16000
train\ClassC\ferry\train_ClassC_ferry_id63_seg155.wav,train,ClassC,ferry,63,155,16000
train\ClassC\ferry\train_ClassC_ferry_id63_seg156.wav,train,ClassC,ferry,63,156,16000
train\ClassC\ferry\train_ClassC_ferry_id63_seg157.wav,train,ClassC,ferry,63,157,16000
train\ClassC\ferry\train_ClassC_ferry_id63_seg158.wav,train,ClassC,ferry,63,158,16000
train\ClassC\ferry\train_ClassC_ferry_id64_seg159.wav,train,ClassC,ferry,64,159,16000
train\ClassC\ferry\train_ClassC_ferry_id64_seg160.wav,train,ClassC,ferry,64,160,16000
train\ClassC\ferry\train_ClassC_ferry_id64_seg161.wav,train,ClassC,ferry,64,161,16000
train\ClassC\ferry\train_ClassC_ferry_id64_seg162.wav,train,ClassC,ferry,64,162,16000
train\ClassC\ferry\train_ClassC_ferry_id64_seg163.wav,train,ClassC,ferry,64,163,16000
train\ClassC\ferry\train_ClassC_ferry_id64_seg164.wav,train,ClassC,ferry,64,164,16000
train\ClassC\ferry\train_ClassC_ferry_id64_seg165.wav,train,ClassC,ferry,64,165,16000
train\ClassC\ferry\train_ClassC_ferry_id67_seg166.wav,train,ClassC,ferry,67,166,16000
train\ClassC\ferry\train_ClassC_ferry_id67_seg167.wav,train,ClassC,ferry,67,167,16000
train\ClassC\ferry\train_ClassC_ferry_id67_seg168.wav,train,ClassC,ferry,67,168,16000
train\ClassC\ferry\train_ClassC_ferry_id67_seg169.wav,train,ClassC,ferry,67,169,16000
train\ClassC\ferry\train_ClassC_ferry_id67_seg170.wav,train,ClassC,ferry,67,170,16000
train\ClassC\ferry\train_ClassC_ferry_id67_seg171.wav,train,ClassC,ferry,67,171,16000
train\ClassC\ferry\train_ClassC_ferry_id67_seg172.wav,train,ClassC,ferry,67,172,16000
train\ClassC\ferry\train_ClassC_ferry_id67_seg173.wav,train,ClassC,ferry,67,173,16000
train\ClassC\ferry\train_ClassC_ferry_id67_seg174.wav,train,ClassC,ferry,67,174,16000
train\ClassC\ferry\train_ClassC_ferry_id67_seg175.wav,train,ClassC,ferry,67,175,16000
train\ClassC\ferry\train_ClassC_ferry_id67_seg176.wav,train,ClassC,ferry,67,176,16000
train\ClassC\ferry\train_ClassC_ferry_id67_seg177.wav,train,ClassC,ferry,67,177,16000
train\ClassC\ferry\train_ClassC_ferry_id67_seg178.wav,train,ClassC,ferry,67,178,16000
train\ClassC\ferry\train_ClassC_ferry_id67_seg179.wav,train,ClassC,ferry,67,179,16000
train\ClassC\ferry\train_ClassC_ferry_id67_seg180.wav,train,ClassC,ferry,67,180,16000
train\ClassC\ferry\train_ClassC_ferry_id67_seg181.wav,train,ClassC,ferry,67,181,16000
train\ClassD\liner\train_ClassD_liner_id16_seg000.wav,train,ClassD,liner,16,0,16000
train\ClassD\liner\train_ClassD_liner_id16_seg001.wav,train,ClassD,liner,16,1,16000
train\ClassD\liner\train_ClassD_liner_id16_seg002.wav,train,ClassD,liner,16,2,16000
train\ClassD\liner\train_ClassD_liner_id16_seg003.wav,train,ClassD,liner,16,3,16000
train\ClassD\liner\train_ClassD_liner_id16_seg004.wav,train,ClassD,liner,16,4,16000
train\ClassD\liner\train_ClassD_liner_id16_seg005.wav,train,ClassD,liner,16,5,16000
train\ClassD\liner\train_ClassD_liner_id16_seg006.wav,train,ClassD,liner,16,6,16000
train\ClassD\liner\train_ClassD_liner_id16_seg007.wav,train,ClassD,liner,16,7,16000
train\ClassD\liner\train_ClassD_liner_id16_seg008.wav,train,ClassD,liner,16,8,16000
train\ClassD\liner\train_ClassD_liner_id22_seg009.wav,train,ClassD,liner,22,9,16000
train\ClassD\liner\train_ClassD_liner_id22_seg010.wav,train,ClassD,liner,22,10,16000
train\ClassD\liner\train_ClassD_liner_id25_seg011.wav,train,ClassD,liner,25,11,16000
train\ClassD\liner\train_ClassD_liner_id25_seg012.wav,train,ClassD,liner,25,12,16000
train\ClassD\liner\train_ClassD_liner_id25_seg013.wav,train,ClassD,liner,25,13,16000
train\ClassD\liner\train_ClassD_liner_id25_seg014.wav,train,ClassD,liner,25,14,16000
train\ClassD\liner\train_ClassD_liner_id25_seg015.wav,train,ClassD,liner,25,15,16000
train\ClassD\liner\train_ClassD_liner_id25_seg016.wav,train,ClassD,liner,25,16,16000
train\ClassD\liner\train_ClassD_liner_id25_seg017.wav,train,ClassD,liner,25,17,16000
train\ClassD\liner\train_ClassD_liner_id25_seg018.wav,train,ClassD,liner,25,18,16000
train\ClassD\liner\train_ClassD_liner_id69_seg019.wav,train,ClassD,liner,69,19,16000
train\ClassD\liner\train_ClassD_liner_id69_seg020.wav,train,ClassD,liner,69,20,16000
train\ClassD\liner\train_ClassD_liner_id69_seg021.wav,train,ClassD,liner,69,21,16000
train\ClassD\liner\train_ClassD_liner_id69_seg022.wav,train,ClassD,liner,69,22,16000
train\ClassD\liner\train_ClassD_liner_id69_seg023.wav,train,ClassD,liner,69,23,16000
train\ClassD\liner\train_ClassD_liner_id69_seg024.wav,train,ClassD,liner,69,24,16000
train\ClassD\liner\train_ClassD_liner_id69_seg025.wav,train,ClassD,liner,69,25,16000
train\ClassD\liner\train_ClassD_liner_id69_seg026.wav,train,ClassD,liner,69,26,16000
train\ClassD\liner\train_ClassD_liner_id69_seg027.wav,train,ClassD,liner,69,27,16000
train\ClassD\liner\train_ClassD_liner_id69_seg028.wav,train,ClassD,liner,69,28,16000
train\ClassD\liner\train_ClassD_liner_id69_seg029.wav,train,ClassD,liner,69,29,16000
train\ClassD\liner\train_ClassD_liner_id69_seg030.wav,train,ClassD,liner,69,30,16000
train\ClassD\liner\train_ClassD_liner_id69_seg031.wav,train,ClassD,liner,69,31,16000
train\ClassD\liner\train_ClassD_liner_id69_seg032.wav,train,ClassD,liner,69,32,16000
train\ClassD\liner\train_ClassD_liner_id69_seg033.wav,train,ClassD,liner,69,33,16000
train\ClassD\liner\train_ClassD_liner_id69_seg034.wav,train,ClassD,liner,69,34,16000
train\ClassD\liner\train_ClassD_liner_id69_seg035.wav,train,ClassD,liner,69,35,16000
train\ClassD\liner\train_ClassD_liner_id69_seg036.wav,train,ClassD,liner,69,36,16000
train\ClassD\liner\train_ClassD_liner_id69_seg037.wav,train,ClassD,liner,69,37,16000
train\ClassD\liner\train_ClassD_liner_id69_seg038.wav,train,ClassD,liner,69,38,16000
train\ClassD\liner\train_ClassD_liner_id69_seg039.wav,train,ClassD,liner,69,39,16000
train\ClassD\liner\train_ClassD_liner_id69_seg040.wav,train,ClassD,liner,69,40,16000
train\ClassD\liner\train_ClassD_liner_id69_seg041.wav,train,ClassD,liner,69,41,16000
train\ClassD\liner\train_ClassD_liner_id69_seg042.wav,train,ClassD,liner,69,42,16000
train\ClassD\liner\train_ClassD_liner_id69_seg043.wav,train,ClassD,liner,69,43,16000
train\ClassD\ro_ro\train_ClassD_ro_ro_id18_seg000.wav,train,ClassD,ro_ro,18,0,16000
train\ClassD\ro_ro\train_ClassD_ro_ro_id18_seg001.wav,train,ClassD,ro_ro,18,1,16000
train\ClassD\ro_ro\train_ClassD_ro_ro_id18_seg002.wav,train,ClassD,ro_ro,18,2,16000
train\ClassD\ro_ro\train_ClassD_ro_ro_id18_seg003.wav,train,ClassD,ro_ro,18,3,16000
train\ClassD\ro_ro\train_ClassD_ro_ro_id18_seg004.wav,train,ClassD,ro_ro,18,4,16000
train\ClassD\ro_ro\train_ClassD_ro_ro_id18_seg005.wav,train,ClassD,ro_ro,18,5,16000
train\ClassD\ro_ro\train_ClassD_ro_ro_id18_seg006.wav,train,ClassD,ro_ro,18,6,16000
train\ClassD\ro_ro\train_ClassD_ro_ro_id18_seg007.wav,train,ClassD,ro_ro,18,7,16000
train\ClassD\ro_ro\train_ClassD_ro_ro_id18_seg008.wav,train,ClassD,ro_ro,18,8,16000
train\ClassD\ro_ro\train_ClassD_ro_ro_id18_seg009.wav,train,ClassD,ro_ro,18,9,16000
train\ClassD\ro_ro\train_ClassD_ro_ro_id18_seg010.wav,train,ClassD,ro_ro,18,10,16000
train\ClassD\ro_ro\train_ClassD_ro_ro_id18_seg011.wav,train,ClassD,ro_ro,18,11,16000
train\ClassD\ro_ro\train_ClassD_ro_ro_id18_seg012.wav,train,ClassD,ro_ro,18,12,16000
train\ClassD\ro_ro\train_ClassD_ro_ro_id18_seg013.wav,train,ClassD,ro_ro,18,13,16000
train\ClassD\ro_ro\train_ClassD_ro_ro_id18_seg014.wav,train,ClassD,ro_ro,18,14,16000
train\ClassD\ro_ro\train_ClassD_ro_ro_id18_seg015.wav,train,ClassD,ro_ro,18,15,16000
train\ClassD\ro_ro\train_ClassD_ro_ro_id18_seg016.wav,train,ClassD,ro_ro,18,16,16000
train\ClassD\ro_ro\train_ClassD_ro_ro_id18_seg017.wav,train,ClassD,ro_ro,18,17,16000
train\ClassD\ro_ro\train_ClassD_ro_ro_id18_seg018.wav,train,ClassD,ro_ro,18,18,16000
train\ClassD\ro_ro\train_ClassD_ro_ro_id18_seg019.wav,train,ClassD,ro_ro,18,19,16000
train\ClassD\ro_ro\train_ClassD_ro_ro_id18_seg020.wav,train,ClassD,ro_ro,18,20,16000
train\ClassD\ro_ro\train_ClassD_ro_ro_id18_seg021.wav,train,ClassD,ro_ro,18,21,16000
train\ClassD\ro_ro\train_ClassD_ro_ro_id18_seg022.wav,train,ClassD,ro_ro,18,22,16000
train\ClassD\ro_ro\train_ClassD_ro_ro_id18_seg023.wav,train,ClassD,ro_ro,18,23,16000
train\ClassD\ro_ro\train_ClassD_ro_ro_id18_seg024.wav,train,ClassD,ro_ro,18,24,16000
train\ClassD\ro_ro\train_ClassD_ro_ro_id18_seg025.wav,train,ClassD,ro_ro,18,25,16000
train\ClassD\ro_ro\train_ClassD_ro_ro_id18_seg026.wav,train,ClassD,ro_ro,18,26,16000
train\ClassD\ro_ro\train_ClassD_ro_ro_id18_seg027.wav,train,ClassD,ro_ro,18,27,16000
train\ClassD\ro_ro\train_ClassD_ro_ro_id18_seg028.wav,train,ClassD,ro_ro,18,28,16000
train\ClassD\ro_ro\train_ClassD_ro_ro_id18_seg029.wav,train,ClassD,ro_ro,18,29,16000
train\ClassD\ro_ro\train_ClassD_ro_ro_id18_seg030.wav,train,ClassD,ro_ro,18,30,16000
train\ClassD\ro_ro\train_ClassD_ro_ro_id18_seg031.wav,train,ClassD,ro_ro,18,31,16000
train\ClassD\ro_ro\train_ClassD_ro_ro_id18_seg032.wav,train,ClassD,ro_ro,18,32,16000
train\ClassD\ro_ro\train_ClassD_ro_ro_id18_seg033.wav,train,ClassD,ro_ro,18,33,16000
train\ClassD\ro_ro\train_ClassD_ro_ro_id18_seg034.wav,train,ClassD,ro_ro,18,34,16000
train\ClassD\ro_ro\train_ClassD_ro_ro_id18_seg035.wav,train,ClassD,ro_ro,18,35,16000
train\ClassD\ro_ro\train_ClassD_ro_ro_id18_seg036.wav,train,ClassD,ro_ro,18,36,16000
train\ClassD\ro_ro\train_ClassD_ro_ro_id18_seg037.wav,train,ClassD,ro_ro,18,37,16000
train\ClassD\ro_ro\train_ClassD_ro_ro_id18_seg038.wav,train,ClassD,ro_ro,18,38,16000
train\ClassD\ro_ro\train_ClassD_ro_ro_id18_seg039.wav,train,ClassD,ro_ro,18,39,16000
train\ClassD\ro_ro\train_ClassD_ro_ro_id18_seg040.wav,train,ClassD,ro_ro,18,40,16000
train\ClassD\ro_ro\train_ClassD_ro_ro_id18_seg041.wav,train,ClassD,ro_ro,18,41,16000
train\ClassD\ro_ro\train_ClassD_ro_ro_id18_seg042.wav,train,ClassD,ro_ro,18,42,16000
train\ClassD\ro_ro\train_ClassD_ro_ro_id18_seg043.wav,train,ClassD,ro_ro,18,43,16000
train\ClassD\ro_ro\train_ClassD_ro_ro_id19_seg044.wav,train,ClassD,ro_ro,19,44,16000
train\ClassD\ro_ro\train_ClassD_ro_ro_id19_seg045.wav,train,ClassD,ro_ro,19,45,16000
train\ClassD\ro_ro\train_ClassD_ro_ro_id19_seg046.wav,train,ClassD,ro_ro,19,46,16000
train\ClassD\ro_ro\train_ClassD_ro_ro_id19_seg047.wav,train,ClassD,ro_ro,19,47,16000
train\ClassD\ro_ro\train_ClassD_ro_ro_id19_seg048.wav,train,ClassD,ro_ro,19,48,16000
train\ClassD\ro_ro\train_ClassD_ro_ro_id19_seg049.wav,train,ClassD,ro_ro,19,49,16000
train\ClassD\ro_ro\train_ClassD_ro_ro_id19_seg050.wav,train,ClassD,ro_ro,19,50,16000
train\ClassD\ro_ro\train_ClassD_ro_ro_id19_seg051.wav,train,ClassD,ro_ro,19,51,16000
train\ClassD\ro_ro\train_ClassD_ro_ro_id19_seg052.wav,train,ClassD,ro_ro,19,52,16000
train\ClassD\ro_ro\train_ClassD_ro_ro_id19_seg053.wav,train,ClassD,ro_ro,19,53,16000
train\ClassD\ro_ro\train_ClassD_ro_ro_id19_seg054.wav,train,ClassD,ro_ro,19,54,16000
train\ClassD\ro_ro\train_ClassD_ro_ro_id19_seg055.wav,train,ClassD,ro_ro,19,55,16000
train\ClassD\ro_ro\train_ClassD_ro_ro_id19_seg056.wav,train,ClassD,ro_ro,19,56,16000
train\ClassD\ro_ro\train_ClassD_ro_ro_id19_seg057.wav,train,ClassD,ro_ro,19,57,16000
train\ClassD\ro_ro\train_ClassD_ro_ro_id19_seg058.wav,train,ClassD,ro_ro,19,58,16000
train\ClassD\ro_ro\train_ClassD_ro_ro_id19_seg059.wav,train,ClassD,ro_ro,19,59,16000
train\ClassD\ro_ro\train_ClassD_ro_ro_id19_seg060.wav,train,ClassD,ro_ro,19,60,16000
train\ClassD\ro_ro\train_ClassD_ro_ro_id19_seg061.wav,train,ClassD,ro_ro,19,61,16000
train\ClassD\ro_ro\train_ClassD_ro_ro_id19_seg062.wav,train,ClassD,ro_ro,19,62,16000
train\ClassD\ro_ro\train_ClassD_ro_ro_id19_seg063.wav,train,ClassD,ro_ro,19,63,16000
train\ClassD\ro_ro\train_ClassD_ro_ro_id19_seg064.wav,train,ClassD,ro_ro,19,64,16000
train\ClassD\ro_ro\train_ClassD_ro_ro_id19_seg065.wav,train,ClassD,ro_ro,19,65,16000
train\ClassD\ro_ro\train_ClassD_ro_ro_id19_seg066.wav,train,ClassD,ro_ro,19,66,16000
train\ClassD\ro_ro\train_ClassD_ro_ro_id58_seg067.wav,train,ClassD,ro_ro,58,67,16000
train\ClassD\ro_ro\train_ClassD_ro_ro_id58_seg068.wav,train,ClassD,ro_ro,58,68,16000
train\ClassD\ro_ro\train_ClassD_ro_ro_id58_seg069.wav,train,ClassD,ro_ro,58,69,16000
train\ClassD\ro_ro\train_ClassD_ro_ro_id58_seg070.wav,train,ClassD,ro_ro,58,70,16000
train\ClassD\ro_ro\train_ClassD_ro_ro_id58_seg071.wav,train,ClassD,ro_ro,58,71,16000
train\ClassD\ro_ro\train_ClassD_ro_ro_id58_seg072.wav,train,ClassD,ro_ro,58,72,16000
train\ClassD\ro_ro\train_ClassD_ro_ro_id58_seg073.wav,train,ClassD,ro_ro,58,73,16000
train\ClassD\ro_ro\train_ClassD_ro_ro_id58_seg074.wav,train,ClassD,ro_ro,58,74,16000
train\ClassD\ro_ro\train_ClassD_ro_ro_id58_seg075.wav,train,ClassD,ro_ro,58,75,16000
train\ClassD\ro_ro\train_ClassD_ro_ro_id58_seg076.wav,train,ClassD,ro_ro,58,76,16000
train\ClassD\ro_ro\train_ClassD_ro_ro_id58_seg077.wav,train,ClassD,ro_ro,58,77,16000
train\ClassD\ro_ro\train_ClassD_ro_ro_id58_seg078.wav,train,ClassD,ro_ro,58,78,16000
train\ClassD\ro_ro\train_ClassD_ro_ro_id58_seg079.wav,train,ClassD,ro_ro,58,79,16000
train\ClassD\ro_ro\train_ClassD_ro_ro_id58_seg080.wav,train,ClassD,ro_ro,58,80,16000
train\ClassE\background\train_ClassE_background_id81_seg000.wav,train,ClassE,background,81,0,16000
train\ClassE\background\train_ClassE_background_id81_seg001.wav,train,ClassE,background,81,1,16000
train\ClassE\background\train_ClassE_background_id81_seg002.wav,train,ClassE,background,81,2,16000
train\ClassE\background\train_ClassE_background_id81_seg003.wav,train,ClassE,background,81,3,16000
train\ClassE\background\train_ClassE_background_id81_seg004.wav,train,ClassE,background,81,4,16000
train\ClassE\background\train_ClassE_background_id81_seg005.wav,train,ClassE,background,81,5,16000
train\ClassE\background\train_ClassE_background_id81_seg006.wav,train,ClassE,background,81,6,16000
train\ClassE\background\train_ClassE_background_id82_seg007.wav,train,ClassE,background,82,7,16000
train\ClassE\background\train_ClassE_background_id82_seg008.wav,train,ClassE,background,82,8,16000
train\ClassE\background\train_ClassE_background_id82_seg009.wav,train,ClassE,background,82,9,16000
train\ClassE\background\train_ClassE_background_id82_seg010.wav,train,ClassE,background,82,10,16000
train\ClassE\background\train_ClassE_background_id82_seg011.wav,train,ClassE,background,82,11,16000
train\ClassE\background\train_ClassE_background_id82_seg012.wav,train,ClassE,background,82,12,16000
train\ClassE\background\train_ClassE_background_id82_seg013.wav,train,ClassE,background,82,13,16000
train\ClassE\background\train_ClassE_background_id84_seg014.wav,train,ClassE,background,84,14,16000
train\ClassE\background\train_ClassE_background_id84_seg015.wav,train,ClassE,background,84,15,16000
train\ClassE\background\train_ClassE_background_id84_seg016.wav,train,ClassE,background,84,16,16000
train\ClassE\background\train_ClassE_background_id84_seg017.wav,train,ClassE,background,84,17,16000
train\ClassE\background\train_ClassE_background_id84_seg018.wav,train,ClassE,background,84,18,16000
train\ClassE\background\train_ClassE_background_id84_seg019.wav,train,ClassE,background,84,19,16000
train\ClassE\background\train_ClassE_background_id84_seg020.wav,train,ClassE,background,84,20,16000
train\ClassE\background\train_ClassE_background_id85_seg021.wav,train,ClassE,background,85,21,16000
train\ClassE\background\train_ClassE_background_id85_seg022.wav,train,ClassE,background,85,22,16000
train\ClassE\background\train_ClassE_background_id85_seg023.wav,train,ClassE,background,85,23,16000
train\ClassE\background\train_ClassE_background_id85_seg024.wav,train,ClassE,background,85,24,16000
train\ClassE\background\train_ClassE_background_id86_seg025.wav,train,ClassE,background,86,25,16000
train\ClassE\background\train_ClassE_background_id86_seg026.wav,train,ClassE,background,86,26,16000
train\ClassE\background\train_ClassE_background_id86_seg027.wav,train,ClassE,background,86,27,16000
train\ClassE\background\train_ClassE_background_id86_seg028.wav,train,ClassE,background,86,28,16000
train\ClassE\background\train_ClassE_background_id86_seg029.wav,train,ClassE,background,86,29,16000
train\ClassE\background\train_ClassE_background_id88_seg030.wav,train,ClassE,background,88,30,16000
train\ClassE\background\train_ClassE_background_id88_seg031.wav,train,ClassE,background,88,31,16000
train\ClassE\background\train_ClassE_background_id88_seg032.wav,train,ClassE,background,88,32,16000
train\ClassE\background\train_ClassE_background_id88_seg033.wav,train,ClassE,background,88,33,16000
train\ClassE\background\train_ClassE_background_id88_seg034.wav,train,ClassE,background,88,34,16000
train\ClassE\background\train_ClassE_background_id89_seg035.wav,train,ClassE,background,89,35,16000
train\ClassE\background\train_ClassE_background_id89_seg036.wav,train,ClassE,background,89,36,16000
train\ClassE\background\train_ClassE_background_id89_seg037.wav,train,ClassE,background,89,37,16000
train\ClassE\background\train_ClassE_background_id89_seg038.wav,train,ClassE,background,89,38,16000
train\ClassE\background\train_ClassE_background_id89_seg039.wav,train,ClassE,background,89,39,16000
train\ClassE\background\train_ClassE_background_id90_seg040.wav,train,ClassE,background,90,40,16000
train\ClassE\background\train_ClassE_background_id90_seg041.wav,train,ClassE,background,90,41,16000
train\ClassE\background\train_ClassE_background_id90_seg042.wav,train,ClassE,background,90,42,16000
train\ClassE\background\train_ClassE_background_id90_seg043.wav,train,ClassE,background,90,43,16000
train\ClassE\background\train_ClassE_background_id90_seg044.wav,train,ClassE,background,90,44,16000
train\ClassE\background\train_ClassE_background_id91_seg045.wav,train,ClassE,background,91,45,16000
test\ClassA\dredger\test_ClassA_dredger_id95_seg000.wav,test,ClassA,dredger,95,0,16000
test\ClassA\dredger\test_ClassA_dredger_id95_seg001.wav,test,ClassA,dredger,95,1,16000
test\ClassA\dredger\test_ClassA_dredger_id95_seg002.wav,test,ClassA,dredger,95,2,16000
test\ClassA\fishing\test_ClassA_fishing_id75_seg000.wav,test,ClassA,fishing,75,0,16000
test\ClassA\fishing\test_ClassA_fishing_id75_seg001.wav,test,ClassA,fishing,75,1,16000
test\ClassA\mussel_boat\test_ClassA_mussel_boat_id48_seg000.wav,test,ClassA,mussel_boat,48,0,16000
test\ClassA\mussel_boat\test_ClassA_mussel_boat_id48_seg001.wav,test,ClassA,mussel_boat,48,1,16000
test\ClassA\mussel_boat\test_ClassA_mussel_boat_id48_seg002.wav,test,ClassA,mussel_boat,48,2,16000
test\ClassA\mussel_boat\test_ClassA_mussel_boat_id48_seg003.wav,test,ClassA,mussel_boat,48,3,16000
test\ClassB\motorboat\test_ClassB_motorboat_id27_seg000.wav,test,ClassB,motorboat,27,0,16000
test\ClassB\motorboat\test_ClassB_motorboat_id50_seg001.wav,test,ClassB,motorboat,50,1,16000
test\ClassB\motorboat\test_ClassB_motorboat_id50_seg002.wav,test,ClassB,motorboat,50,2,16000
test\ClassB\motorboat\test_ClassB_motorboat_id50_seg003.wav,test,ClassB,motorboat,50,3,16000
test\ClassB\motorboat\test_ClassB_motorboat_id72_seg004.wav,test,ClassB,motorboat,72,4,16000
test\ClassB\motorboat\test_ClassB_motorboat_id72_seg005.wav,test,ClassB,motorboat,72,5,16000
test\ClassB\motorboat\test_ClassB_motorboat_id72_seg006.wav,test,ClassB,motorboat,72,6,16000
test\ClassB\motorboat\test_ClassB_motorboat_id72_seg007.wav,test,ClassB,motorboat,72,7,16000
test\ClassB\motorboat\test_ClassB_motorboat_id72_seg008.wav,test,ClassB,motorboat,72,8,16000
test\ClassB\motorboat\test_ClassB_motorboat_id72_seg009.wav,test,ClassB,motorboat,72,9,16000
test\ClassB\motorboat\test_ClassB_motorboat_id72_seg010.wav,test,ClassB,motorboat,72,10,16000
test\ClassC\ferry\test_ClassC_ferry_id9_seg000.wav,test,ClassC,ferry,9,0,16000
test\ClassC\ferry\test_ClassC_ferry_id9_seg001.wav,test,ClassC,ferry,9,1,16000
test\ClassC\ferry\test_ClassC_ferry_id9_seg002.wav,test,ClassC,ferry,9,2,16000
test\ClassC\ferry\test_ClassC_ferry_id13_seg003.wav,test,ClassC,ferry,13,3,16000
test\ClassC\ferry\test_ClassC_ferry_id13_seg004.wav,test,ClassC,ferry,13,4,16000
test\ClassC\ferry\test_ClassC_ferry_id13_seg005.wav,test,ClassC,ferry,13,5,16000
test\ClassC\ferry\test_ClassC_ferry_id13_seg006.wav,test,ClassC,ferry,13,6,16000
test\ClassC\ferry\test_ClassC_ferry_id13_seg007.wav,test,ClassC,ferry,13,7,16000
test\ClassC\ferry\test_ClassC_ferry_id13_seg008.wav,test,ClassC,ferry,13,8,16000
test\ClassC\ferry\test_ClassC_ferry_id13_seg009.wav,test,ClassC,ferry,13,9,16000
test\ClassC\ferry\test_ClassC_ferry_id13_seg010.wav,test,ClassC,ferry,13,10,16000
test\ClassC\ferry\test_ClassC_ferry_id13_seg011.wav,test,ClassC,ferry,13,11,16000
test\ClassC\ferry\test_ClassC_ferry_id13_seg012.wav,test,ClassC,ferry,13,12,16000
test\ClassC\ferry\test_ClassC_ferry_id13_seg013.wav,test,ClassC,ferry,13,13,16000
test\ClassC\ferry\test_ClassC_ferry_id13_seg014.wav,test,ClassC,ferry,13,14,16000
test\ClassC\ferry\test_ClassC_ferry_id35_seg015.wav,test,ClassC,ferry,35,15,16000
test\ClassC\ferry\test_ClassC_ferry_id35_seg016.wav,test,ClassC,ferry,35,16,16000
test\ClassC\ferry\test_ClassC_ferry_id35_seg017.wav,test,ClassC,ferry,35,17,16000
test\ClassC\ferry\test_ClassC_ferry_id35_seg018.wav,test,ClassC,ferry,35,18,16000
test\ClassC\ferry\test_ClassC_ferry_id35_seg019.wav,test,ClassC,ferry,35,19,16000
test\ClassC\ferry\test_ClassC_ferry_id42_seg020.wav,test,ClassC,ferry,42,20,16000
test\ClassC\ferry\test_ClassC_ferry_id42_seg021.wav,test,ClassC,ferry,42,21,16000
test\ClassC\ferry\test_ClassC_ferry_id55_seg022.wav,test,ClassC,ferry,55,22,16000
test\ClassC\ferry\test_ClassC_ferry_id55_seg023.wav,test,ClassC,ferry,55,23,16000
test\ClassC\ferry\test_ClassC_ferry_id55_seg024.wav,test,ClassC,ferry,55,24,16000
test\ClassC\ferry\test_ClassC_ferry_id55_seg025.wav,test,ClassC,ferry,55,25,16000
test\ClassC\ferry\test_ClassC_ferry_id55_seg026.wav,test,ClassC,ferry,55,26,16000
test\ClassC\ferry\test_ClassC_ferry_id55_seg027.wav,test,ClassC,ferry,55,27,16000
test\ClassC\ferry\test_ClassC_ferry_id55_seg028.wav,test,ClassC,ferry,55,28,16000
test\ClassC\ferry\test_ClassC_ferry_id55_seg029.wav,test,ClassC,ferry,55,29,16000
test\ClassC\ferry\test_ClassC_ferry_id55_seg030.wav,test,ClassC,ferry,55,30,16000
test\ClassC\ferry\test_ClassC_ferry_id55_seg031.wav,test,ClassC,ferry,55,31,16000
test\ClassC\ferry\test_ClassC_ferry_id62_seg032.wav,test,ClassC,ferry,62,32,16000
test\ClassC\ferry\test_ClassC_ferry_id62_seg033.wav,test,ClassC,ferry,62,33,16000
test\ClassC\ferry\test_ClassC_ferry_id62_seg034.wav,test,ClassC,ferry,62,34,16000
test\ClassC\ferry\test_ClassC_ferry_id62_seg035.wav,test,ClassC,ferry,62,35,16000
test\ClassC\ferry\test_ClassC_ferry_id62_seg036.wav,test,ClassC,ferry,62,36,16000
test\ClassC\ferry\test_ClassC_ferry_id62_seg037.wav,test,ClassC,ferry,62,37,16000
test\ClassC\ferry\test_ClassC_ferry_id62_seg038.wav,test,ClassC,ferry,62,38,16000
test\ClassC\ferry\test_ClassC_ferry_id62_seg039.wav,test,ClassC,ferry,62,39,16000
test\ClassC\ferry\test_ClassC_ferry_id62_seg040.wav,test,ClassC,ferry,62,40,16000
test\ClassC\ferry\test_ClassC_ferry_id62_seg041.wav,test,ClassC,ferry,62,41,16000
test\ClassC\ferry\test_ClassC_ferry_id62_seg042.wav,test,ClassC,ferry,62,42,16000
test\ClassC\ferry\test_ClassC_ferry_id62_seg043.wav,test,ClassC,ferry,62,43,16000
test\ClassC\ferry\test_ClassC_ferry_id62_seg044.wav,test,ClassC,ferry,62,44,16000
test\ClassC\ferry\test_ClassC_ferry_id62_seg045.wav,test,ClassC,ferry,62,45,16000
test\ClassC\ferry\test_ClassC_ferry_id62_seg046.wav,test,ClassC,ferry,62,46,16000
test\ClassC\ferry\test_ClassC_ferry_id62_seg047.wav,test,ClassC,ferry,62,47,16000
test\ClassC\ferry\test_ClassC_ferry_id62_seg048.wav,test,ClassC,ferry,62,48,16000
test\ClassC\ferry\test_ClassC_ferry_id62_seg049.wav,test,ClassC,ferry,62,49,16000
test\ClassC\ferry\test_ClassC_ferry_id62_seg050.wav,test,ClassC,ferry,62,50,16000
test\ClassC\ferry\test_ClassC_ferry_id65_seg051.wav,test,ClassC,ferry,65,51,16000
test\ClassC\ferry\test_ClassC_ferry_id65_seg052.wav,test,ClassC,ferry,65,52,16000
test\ClassC\ferry\test_ClassC_ferry_id65_seg053.wav,test,ClassC,ferry,65,53,16000
test\ClassC\ferry\test_ClassC_ferry_id65_seg054.wav,test,ClassC,ferry,65,54,16000
test\ClassC\ferry\test_ClassC_ferry_id65_seg055.wav,test,ClassC,ferry,65,55,16000
test\ClassC\ferry\test_ClassC_ferry_id65_seg056.wav,test,ClassC,ferry,65,56,16000
test\ClassC\ferry\test_ClassC_ferry_id65_seg057.wav,test,ClassC,ferry,65,57,16000
test\ClassC\ferry\test_ClassC_ferry_id65_seg058.wav,test,ClassC,ferry,65,58,16000
test\ClassC\ferry\test_ClassC_ferry_id65_seg059.wav,test,ClassC,ferry,65,59,16000
test\ClassD\liner\test_ClassD_liner_id24_seg000.wav,test,ClassD,liner,24,0,16000
test\ClassD\liner\test_ClassD_liner_id71_seg001.wav,test,ClassD,liner,71,1,16000
test\ClassD\liner\test_ClassD_liner_id71_seg002.wav,test,ClassD,liner,71,2,16000
test\ClassD\liner\test_ClassD_liner_id71_seg003.wav,test,ClassD,liner,71,3,16000
test\ClassD\liner\test_ClassD_liner_id71_seg004.wav,test,ClassD,liner,71,4,16000
test\ClassD\liner\test_ClassD_liner_id71_seg005.wav,test,ClassD,liner,71,5,16000
test\ClassD\liner\test_ClassD_liner_id71_seg006.wav,test,ClassD,liner,71,6,16000
test\ClassD\liner\test_ClassD_liner_id71_seg007.wav,test,ClassD,liner,71,7,16000
test\ClassD\liner\test_ClassD_liner_id71_seg008.wav,test,ClassD,liner,71,8,16000
test\ClassD\ro_ro\test_ClassD_ro_ro_id20_seg000.wav,test,ClassD,ro_ro,20,0,16000
test\ClassD\ro_ro\test_ClassD_ro_ro_id78_seg001.wav,test,ClassD,ro_ro,78,1,16000
test\ClassD\ro_ro\test_ClassD_ro_ro_id78_seg002.wav,test,ClassD,ro_ro,78,2,16000
test\ClassD\ro_ro\test_ClassD_ro_ro_id78_seg003.wav,test,ClassD,ro_ro,78,3,16000
test\ClassD\ro_ro\test_ClassD_ro_ro_id78_seg004.wav,test,ClassD,ro_ro,78,4,16000
test\ClassD\ro_ro\test_ClassD_ro_ro_id78_seg005.wav,test,ClassD,ro_ro,78,5,16000
test\ClassD\ro_ro\test_ClassD_ro_ro_id78_seg006.wav,test,ClassD,ro_ro,78,6,16000
test\ClassD\ro_ro\test_ClassD_ro_ro_id78_seg007.wav,test,ClassD,ro_ro,78,7,16000
test\ClassD\ro_ro\test_ClassD_ro_ro_id78_seg008.wav,test,ClassD,ro_ro,78,8,16000
test\ClassD\ro_ro\test_ClassD_ro_ro_id78_seg009.wav,test,ClassD,ro_ro,78,9,16000
test\ClassD\ro_ro\test_ClassD_ro_ro_id78_seg010.wav,test,ClassD,ro_ro,78,10,16000
test\ClassD\ro_ro\test_ClassD_ro_ro_id78_seg011.wav,test,ClassD,ro_ro,78,11,16000
test\ClassE\background\test_ClassE_background_id83_seg000.wav,test,ClassE,background,83,0,16000
test\ClassE\background\test_ClassE_background_id83_seg001.wav,test,ClassE,background,83,1,16000
test\ClassE\background\test_ClassE_background_id83_seg002.wav,test,ClassE,background,83,2,16000
test\ClassE\background\test_ClassE_background_id83_seg003.wav,test,ClassE,background,83,3,16000
test\ClassE\background\test_ClassE_background_id83_seg004.wav,test,ClassE,background,83,4,16000
test\ClassE\background\test_ClassE_background_id83_seg005.wav,test,ClassE,background,83,5,16000
test\ClassE\background\test_ClassE_background_id83_seg006.wav,test,ClassE,background,83,6,16000
test\ClassE\background\test_ClassE_background_id87_seg007.wav,test,ClassE,background,87,7,16000
test\ClassE\background\test_ClassE_background_id87_seg008.wav,test,ClassE,background,87,8,16000
test\ClassE\background\test_ClassE_background_id87_seg009.wav,test,ClassE,background,87,9,16000
test\ClassE\background\test_ClassE_background_id87_seg010.wav,test,ClassE,background,87,10,16000
test\ClassE\background\test_ClassE_background_id87_seg011.wav,test,ClassE,background,87,11,16000
test\ClassE\background\test_ClassE_background_id92_seg012.wav,test,ClassE,background,92,12,16000
test\ClassE\background\test_ClassE_background_id92_seg013.wav,test,ClassE,background,92,13,16000
test\ClassE\background\test_ClassE_background_id92_seg014.wav,test,ClassE,background,92,14,16000
